date,department,expense_type,amount,employee,project,region,approval_status,empty_notes
2025-10-16,市场部,差旅费,46787.47,员工032,客户增长,北京,已通过,
2025-11-23,运营部,培训费,2442.10,员工055,新产品推广,上海,已通过,
2024-08-26,人力资源部,培训费,859.82,员工026,渠道拓展,杭州,已通过,
2025-08-26,研发部,咨询费,23381.85,员工021,品牌活动,深圳,已通过,
2024-08-08,研发部,差旅费,2705.75,员工013,内部系统升级,深圳,已通过,
2024-02-14,运营部,软件订阅,15070.04,员工049,新产品推广,成都,已通过,
2025-10-05,人力资源部,咨询费,9794.28,员工025,新产品推广,上海,已通过,
2024-10-23,市场部,咨询费,6610.21,员工013,品牌活动,深圳,已通过,
2025-01-08,销售部,办公用品,9623.95,员工035,新产品推广,成都,已通过,
2025-06-30,运营部,广告投放,4488.63,员工049,内部系统升级,广州,已通过,
2024-08-12,运营部,办公用品,23618.71,员工008,客户增长,上海,待审批,
2025-02-14,研发部,差旅费,5762.11,员工073,内部系统升级,北京,已通过,
2025-02-09,运营部,软件订阅,3939.13,员工018,客户增长,广州,已通过,
2024-09-26,运营部,培训费,12064.74,员工075,品牌活动,深圳,已通过,
2024-05-21,人力资源部,软件订阅,2654.55,员工007,新产品推广,北京,已通过,
2025-11-27,财务部,培训费,980000.00,员工049,渠道拓展,杭州,已通过,
2025-07-20,市场部,会议费,25267.15,员工069,内部系统升级,广州,已通过,
2024-10-27,财务部,广告投放,12769.82,员工034,渠道拓展,北京,已通过,
2024-04-18,运营部,办公用品,23585.74,员工065,渠道拓展,北京,已通过,
2024-06-14,人力资源部,咨询费,25837.46,员工001,渠道拓展,深圳,已通过,
2024-04-24,研发部,咨询费,22612.88,员工031,新产品推广,北京,待审批,
2024-03-21,市场部,会议费,"¥13,669.41",员工009,渠道拓展,北京,已通过,
2025-05-01,人力资源部,广告投放,7209.39,员工078,品牌活动,北京,待审批,
2025-12-07,销售部,会议费,8458.22,员工048,品牌活动,成都,已通过,
2024-09-10,销售部,差旅费,9545.83,员工076,渠道拓展,北京,已通过,
2024-01-08,市场部,会议费,17715.15,员工030,新产品推广,上海,待审批,
2024-03-13,人力资源部,广告投放,7883.95,员工063,客户增长,成都,已通过,
2025-08-07,人力资源部,软件订阅,6618.97,员工061,品牌活动,北京,已通过,
2025-11-05,财务部,办公用品,11452.20,员工060,新产品推广,广州,已通过,
2025-10-23,市场部,差旅费,25526.43,员工044,新产品推广,北京,已通过,
2025-07-03,财务部,广告投放,11406.78,员工036,品牌活动,北京,待审批,
2023-12-28,财务部,咨询费,24134.41,员工071,新产品推广,上海,已通过,
2025-07-07,市场部,差旅费,58381.00,员工031,客户增长,杭州,已通过,
2024-08-06,财务部,差旅费,4710.08,员工001,品牌活动,深圳,待审批,
2025-04-10,研发部,软件订阅,18759.33,员工072,品牌活动,北京,已通过,
2024-08-10,市场部,培训费,20632.35,员工008,内部系统升级,上海,已通过,
2025-05-03,人力资源部,咨询费,14330.69,员工008,渠道拓展,上海,待审批,
2024-03-11,人力资源部,差旅费,18944.93,员工031,品牌活动,上海,已拒绝,
2025-08-06,销售部,培训费,16027.38,员工080,新产品推广,杭州,已通过,
2025-08-01,人力资源部,办公用品,25132.43,员工027,内部系统升级,北京,已通过,
2024-05-14,运营部,会议费,"¥8,483.92",员工041,新产品推广,上海,已通过,
2025-07-30,市场部,差旅费,33995.81,员工065,内部系统升级,北京,待审批,
2024-03-11,销售部,办公用品,8065.45,员工057,渠道拓展,广州,已通过,
2025-10-31,人力资源部,差旅费,17990.43,员工071,内部系统升级,广州,已通过,
2024-05-17,研发部,差旅费,24925.19,员工071,客户增长,深圳,已通过,
2024-08-03,运营部,办公用品,5796.29,员工034,渠道拓展,杭州,已通过,
2024-02-22,市场部,会议费,11929.29,员工036,新产品推广,上海,已通过,
2024-05-13,运营部,办公用品,4624.91,员工057,渠道拓展,广州,已通过,
2024-01-10,市场部,差旅费,26468.02,员工020,渠道拓展,上海,待审批,
not-a-date,人力资源部,广告投放,11618.35,员工006,内部系统升级,深圳,待审批,
2024-02-10,研发部,广告投放,19136.02,员工014,内部系统升级,成都,待审批,
2025-02-20,人力资源部,会议费,4251.79,员工031,客户增长,北京,待审批,
2024-01-26,销售部,会议费,25894.71,员工053,客户增长,深圳,已通过,
2025-12-19,市场部,软件订阅,30545.01,员工061,客户增长,北京,待审批,
2025-04-16,研发部,办公用品,22076.69,员工030,客户增长,上海,已通过,
2025-02-12,研发部,办公用品,23249.43,员工036,内部系统升级,广州,已通过,
2025-11-26,人力资源部,办公用品,25253.69,员工015,内部系统升级,北京,已通过,
2024-09-28,市场部,差旅费,16752.41,员工045,内部系统升级,杭州,已通过,
2025-06-07,市场部,软件订阅,31497.74,员工025,内部系统升级,上海,已通过,
2024-01-02,人力资源部,咨询费,15132.04,员工026,内部系统升级,杭州,已通过,
2025-11-11,研发部,培训费,8517.09,员工016,内部系统升级,成都,已通过,
2025-02-22,研发部 ,软件订阅,18775.84,员工071,客户增长,北京,已通过,
2025-01-23,运营部,会议费,24278.61,员工079,渠道拓展,深圳,已通过,
2024-01-01,研发部,办公用品,5979.89,员工075,渠道拓展,广州,已通过,
2025-03-28,财务部,会议费,5834.88,员工061,客户增长,广州,已通过,
2025-06-11,运营部,会议费,16689.59,员工012,客户增长,广州,已通过,
2024-07-22,销售部,差旅费,1408.44,员工061,渠道拓展,上海,已通过,
2025-10-06,人力资源部,广告投放,19341.58,员工050,品牌活动,杭州,已通过,
2025-11-02,运营部,差旅费,24007.07,员工014,品牌活动,北京,已通过,
2025-12-13,人力资源部,软件订阅,1459.29,员工032,新产品推广,杭州,已通过,
2025-04-20,运营部,培训费, 26555.94 ,员工077,内部系统升级,杭州,已通过,
2025-05-31,财务部,咨询费,24386.99,员工058,客户增长,广州,待审批,
2025-04-05,研发部,咨询费,6732.52,员工036,渠道拓展,杭州,已通过,
2024-10-08,财务部,差旅费,20013.63,员工031,内部系统升级,深圳,已通过,
2025-07-07,市场部,广告投放,9731.61,员工050,客户增长,广州,已通过,
2025-02-28,财务部,办公用品,14638.08,员工054,新产品推广,北京,待审批,
2025-02-02,人力资源部,会议费,637.97,员工074,品牌活动,杭州,已通过,
2024-12-26,研发部,咨询费,10992.83,员工054,渠道拓展,广州,已通过,
2025-09-09,销售部,软件订阅,5987.98,员工056,品牌活动,上海,已通过,
2025-11-15,运营部,咨询费,10936.66,员工022,品牌活动,北京,已拒绝,
2025-06-30,市场部,软件订阅,20777.46,员工004,新产品推广,广州,已通过,
2025-04-17,销售部,差旅费,7078.23,员工042,客户增长,杭州,已通过,
2025-01-23,研发部,咨询费,25573.99,员工054,内部系统升级,上海,已通过,
2025-07-06,市场部,办公用品,7964.14,员工009,新产品推广,上海,已拒绝,
2024-07-23,市场部,培训费,4368.42,员工017,品牌活动,广州,已通过,
2024-08-11,财务部,会议费,7264.07,员工048,客户增长,成都,已通过,
2024-04-27,销售部,办公用品,3133.79,员工004,内部系统升级,成都,已通过,
2025-01-19,财务部,会议费,5423.45,员工076,客户增长,上海,已通过,
2024-11-04,运营部,培训费,22578.12,员工073,新产品推广,深圳,已通过,
2025-11-08,研发部,差旅费,13657.14,员工044,新产品推广,杭州,待审批,
2024-04-18,财务部,办公用品,17840.11,员工059,客户增长,杭州,已通过,
2025-06-18,运营部,办公用品,"¥16,599.97",员工069,品牌活动,杭州,已通过,
2025-08-29,研发部,办公用品,22911.13,员工012,内部系统升级,杭州,已通过,
2025-04-20,人力资源部,培训费,17999.13,员工044,新产品推广,杭州,待审批,
2024-07-05,财务部,广告投放,10012.52,员工034,内部系统升级,深圳,待审批,
2025-12-19,研发部,培训费,386.89,员工025,新产品推广,北京,已通过,
2025-05-15,人力资源部,咨询费,6547.42,员工061,品牌活动,杭州,待审批,
2024-04-05,研发部,广告投放,11394.70,员工032,内部系统升级,广州,已通过,
2025-04-29,人力资源部,培训费,9315.80,员工071,内部系统升级,深圳,已通过,
2024-10-04,研发部,办公用品,6547.40,员工025,内部系统升级,上海,已通过,
2025-12-07,销售部,广告投放,5906.69,员工062,内部系统升级,广州,已通过,
2025-06-21,人力资源部,办公用品,26358.37,员工025,内部系统升级,北京,已通过,
2024-11-05,市场部,会议费,15011.69,员工036,新产品推广,上海,已通过,
2025-12-15,销售部,会议费,23359.39,员工063,新产品推广,上海,已通过,
2025-04-25,财务部,软件订阅,9234.12,员工007,内部系统升级,杭州,已通过,
2024-03-07,财务部,软件订阅,2185.41,员工007,客户增长,北京,待审批,
2024-11-07,市场部,广告投放,3422.43,员工054,渠道拓展,成都,待审批,
2024-08-19,人力资源部,软件订阅,12680.34,员工057,内部系统升级,成都,已拒绝,
2024-11-08,人力资源部,培训费,1799.22,员工013,客户增长,广州,已通过,
2025-11-07,市场部 ,广告投放,15316.74,员工071,新产品推广,北京,已通过,
2025-04-06,运营部,培训费,12692.31,员工005,客户增长,深圳,已通过,
2025-12-20,财务部,差旅费,18512.92,员工034,渠道拓展,广州,待审批,
2024-07-21,财务部,差旅费,15302.40,员工020,内部系统升级,北京,已通过,
2024-06-18,研发部,培训费,21000.94,员工073,内部系统升级,杭州,已通过,
2025-12-06,研发部,会议费,10888.26,员工035,渠道拓展,成都,已通过,
2024-03-23,人力资源部,差旅费,24917.11,员工042,渠道拓展,深圳,已通过,
2024-08-22,运营部,咨询费,24111.21,员工076,新产品推广,广州,待审批,
2025-08-13,市场部,咨询费,26505.96,员工061,渠道拓展,广州,已通过,
2024-10-11,销售部,培训费,12272.47,员工063,新产品推广,杭州,已通过,
2024-12-07,研发部,会议费,3036.24,员工021,内部系统升级,杭州,已通过,
2024-10-22,运营部,软件订阅,22802.22,员工071,新产品推广,杭州,已通过,
2024-09-15,研发部,差旅费,27168.75,员工052,渠道拓展,上海,已通过,
2025-07-09,财务部,软件订阅,1565.96,员工067,内部系统升级,成都,已通过,
2025-10-02,财务部,咨询费,1496.58,员工035,渠道拓展,北京,待审批,
2025-03-24,运营部,软件订阅,3365.15,员工078,客户增长,广州,已通过,
2025-07-18,市场部,培训费,14368.48,员工029,新产品推广,杭州,已拒绝,
2025-10-25,销售部,软件订阅,25077.48,员工038,渠道拓展,广州,已通过,
2025-05-09,财务部,广告投放,12341.00,员工019,品牌活动,北京,待审批,
2025-06-04,运营部,广告费,23240.71,员工036,品牌活动,深圳,待审批,
2025-06-03,研发部,咨询费,183.86,员工039,渠道拓展,成都,已拒绝,
2025-05-16,销售部,软件订阅,14530.20,员工045,内部系统升级,成都,待审批,
2025-01-21,财务部,办公用品,23389.91,员工031,渠道拓展,杭州,已通过,
2025-02-24,市场部,办公用品,26102.98,员工049,品牌活动,广州,待审批,
2025-10-29,销售部,软件订阅,25938.54,员工017,渠道拓展,成都,已通过,
2024-04-12,财务部,差旅费,14783.52,员工059,新产品推广,广州,已通过,
2025-11-01,销售部,差旅费,12681.02,员工034,内部系统升级,成都,已通过,
2025-10-27,市场部,咨询费,11600.51,员工069,品牌活动,深圳,已通过,
2025-05-14,人力资源部,差旅费,16641.38,员工031,内部系统升级,北京,已通过,
2025-03-20,市场部,咨询费,22236.11,员工013,品牌活动,北京,已通过,
2024-01-30,市场部,办公用品,22316.48,员工038,内部系统升级,深圳,已通过,
2024-09-07,人力资源部,软件订阅,15898.07,员工024,客户增长,北京,已通过,
2025-01-26,人力资源部,会议费,6560.96,员工075,客户增长,北京,已通过,
2024-09-17,财务部,办公用品,18711.52,员工060,内部系统升级,广州,已通过,
2024-03-16,财务部,办公用品,27655.73,员工039,品牌活动,广州,已通过,
2024-11-05,销售部,软件订阅,23910.99,员工014,客户增长,杭州,已通过,
2025-08-11,研发部,会议费,8016.99,员工051,内部系统升级,上海,已通过,
2025-12-03,运营部,差旅费,24487.68,员工064,内部系统升级,北京,已通过,
2024-12-26,销售部,会议费,5420.88,员工033,客户增长,广州,已通过,
2025-10-04,运营部,差旅费,8383.73,员工057,新产品推广,成都,已通过,
2024-05-14,市场部,办公用品,9228.93,员工054,客户增长,北京,已通过,
2025-07-06,研发部,培训费,13545.64,员工035,客户增长,深圳,待审批,
2025-05-08,研发部,会议费,23411.20,员工015,品牌活动,上海,已通过,
2024-08-19,运营部,会议费,18922.45,员工051,渠道拓展,深圳,已通过,
2025-02-08,市场部,办公用品,18849.55,员工059,内部系统升级,广州,已通过,
2024-09-25,人力资源部,软件订阅,23048.99,员工048,新产品推广,广州,已通过,
2024-01-26,人力资源部,培训费,9264.82,员工079,客户增长,广州,已通过,
2025-04-20,运营部,办公用品,17491.97,员工015,客户增长,上海,已拒绝,
2024-11-07,财务部,差旅费,"¥2,829.71",员工069,客户增长,杭州,已通过,
2025-11-17,运营部 ,会议费,25434.01,员工054,渠道拓展,广州,已通过,
2025-02-28,运营部,差旅费,22428.83,员工079,品牌活动,深圳,已通过,
2025-01-14,销售部,软件订阅,12017.40,员工031,内部系统升级,上海,已拒绝,
2025-01-11,人力资源部,会议费,,员工051,内部系统升级,北京,已拒绝,
2025-04-10,市场部,会议费,7541.89,员工077,新产品推广,上海,待审批,
2024-09-06,销售部,咨询费,15860.43,员工009,渠道拓展,北京,已通过,
2024-08-26,研发部,咨询费,"¥4,233.81",员工077,新产品推广,深圳,待审批,
2024-05-28,销售部,培训费,7108.24,员工023,新产品推广,广州,待审批,
2024-05-14,市场部,办公用品,22144.77,员工031,渠道拓展,深圳,已通过,
2024-09-28,市场部,广告投放,20799.10,员工068,新产品推广,广州,已通过,
2025-04-04,研发部,培训费,16004.55,员工058,渠道拓展,北京,已拒绝,
2024-02-14,运营部,咨询费,25456.00,员工067,内部系统升级,杭州,已通过,
2024-02-01,市场部,软件订阅,23742.68,员工055,新产品推广,杭州,已通过,
2025-03-30,市场部,差旅费,20476.08,员工019,新产品推广,北京,已通过,
2025-10-10,人力资源部,培训费,19175.83,员工049,渠道拓展,成都,已通过,
2025-06-01,人力资源部,软件订阅,2769.70,员工015,渠道拓展,广州,待审批,
2025-03-16,财务部,广告投放,11190.84,员工059,品牌活动,杭州,已通过,
2024-11-16,财务部,办公用品,18663.21,员工048,客户增长,广州,待审批,
2024-03-09,市场部,咨询费,2499.96,员工056,新产品推广,广州,已通过,
2024-05-13,人力资源部,差旅费,16470.65,员工072,渠道拓展,深圳,已通过,
2025-02-24,研发部,咨询费,17922.90,员工055,新产品推广,深圳,已通过,
2024-12-26,市场部,培训费,14266.66,员工020,品牌活动,北京,待审批,
2024-12-24,人力资源部,办公用品,3323.00,员工036,渠道拓展,北京,待审批,
2025-07-28,人力资源部,培训费,18180.82,员工072,新产品推广,成都,待审批,
2025-12-11,研发部,差旅费,4944.00,员工040,内部系统升级,深圳,已通过,
2024-05-26,人力资源部,会议费,11293.87,员工019,新产品推广,上海,已通过,
2024-08-08,财务部,软件订阅,12767.64,员工021,内部系统升级,深圳,已通过,
2025-08-04,人力资源部,差旅费,23757.68,员工020,客户增长,成都,已通过,
2024-03-24,研发部,软件订阅,18574.85,员工063,渠道拓展,杭州,已通过,
2024-08-08,人力资源部,差旅费,9743.42,员工015,内部系统升级,广州,已通过,
2025-05-13,人力资源部,会议费,8369.98,员工029,品牌活动,成都,已通过,
2024-07-28,研发部,广告投放,21513.70,员工033,内部系统升级,深圳,已通过,
2025-05-24,运营部,软件订阅,4817.64,员工049,渠道拓展,广州,已通过,
2025-07-26,运营部,咨询费,9594.41,员工051,新产品推广,杭州,已通过,
2024-03-20,研发部,培训费,12088.45,员工052,品牌活动,深圳,已通过,
2024-01-22,研发部,广告投放,22460.86,员工080,品牌活动,广州,待审批,
2024-03-31,财务部,咨询费,,员工056,渠道拓展,杭州,已通过,
2025-02-09,研发部,会议费,9202.20,员工043,客户增长,上海,已通过,
2024-04-26,人力资源部,培训费,5526.04,员工045,内部系统升级,广州,已拒绝,
2025/10/22,销售部,广告投放,2866.74,员工033,客户增长,北京,已通过,
2025-11-02,市场部,广告投放,59944.54,员工064,品牌活动,成都,已通过,
2025-04-04,运营部,培训费,17324.75,员工080,内部系统升级,广州,已通过,
2025-03-26,市场部,软件订阅,15560.95,员工039,内部系统升级,成都,已通过,
2025-06-03,市场部,办公用品,16241.72,员工005,新产品推广,深圳,待审批,
2024-03-19,运营部,咨询费,27369.03,员工012,渠道拓展,成都,已通过,
2025-04-18,人力资源部,培训费,25655.01,员工006,品牌活动,成都,已通过,
2024-11-25,人力资源部,软件订阅,14098.12,员工008,品牌活动,上海,待审批,
2024-12-17,运营部,差旅费,14186.83,员工023,新产品推广,北京,已通过,
2025-03-25,人力资源部,培训费,16436.52,员工047,内部系统升级,深圳,已通过,
2024-12-12,运营部,培训费,1579.95,员工043,新产品推广,深圳,已通过,
2025-11-25,财务部,办公用品,6859.81,员工078,客户增长,深圳,已通过,
2025-11-10,销售部,办公用品,8418.49,员工051,客户增长,成都,已通过,
2024-03-27,研发部,培训费,10621.82,员工043,客户增长,广州,已通过,
2025-12-02,人力资源部,差旅费,17405.92,员工055,渠道拓展,深圳,已通过,
2024-11-12,销售部,广告投放,9647.50,员工063,客户增长,北京,已拒绝,
2024-06-07,市场部,办公用品,23662.66,员工013,渠道拓展,成都,待审批,
2025-06-23,市场部,会议费,11886.24,员工080,客户增长,成都,已通过,
2024-06-15,销售部,咨询费,19436.54,员工080,客户增长,广州,已通过,
2025-02-24,研发部,会议费,19374.77,员工057,渠道拓展,深圳,已通过,
2025-04-04,销售部,培训费,6516.50,员工061,客户增长,深圳,已通过,
2025-08-07,财务部,软件订阅,20709.07,员工049,渠道拓展,成都,已通过,
2024-06-14,销售部,咨询费,16978.02,员工033,新产品推广,广州,已通过,
2025-01-15,人力资源部,差旅费,19155.71,员工067,新产品推广,深圳,已通过,
2024-06-13,研发部,软件订阅,25359.94,员工019,品牌活动,上海,已拒绝,
2024-08-15,财务部,办公用品,26061.56,员工054,新产品推广,杭州,已通过,
2024-08-29,财务部,差旅费,10572.57,员工004,内部系统升级,上海,待审批,
2025-10-27,研发部,咨询费,4024.18,员工005,内部系统升级,杭州,已通过,
2024-05-22,运营部,软件订阅,12627.01,员工001,新产品推广,上海,已通过,
2024-06-02,人力资源部,会议费,17095.58,员工055,新产品推广,深圳,已通过,
2024-05-04,市场部,广告投放,11824.74,员工080,品牌活动,上海,已通过,
2025-05-26,人力资源部,培训费,555.09,员工066,渠道拓展,北京,已通过,
2024-10-25,财务部,差旅费,17260.89,员工031,渠道拓展,杭州,已通过,
2025-11-15,市场部,培训费,34116.71,员工009,渠道拓展,成都,已通过,
2025-06-03,人力资源部,差旅费,10565.62,员工061,新产品推广,广州,已通过,
2025-01-17,研发部,会议费,549.92,员工009,内部系统升级,北京,已通过,
2025-10-05,市场部,咨询费,20429.32,员工043,客户增长,上海,已通过,
2024-12-12,运营部,广告投放,23271.10,员工060,品牌活动,广州,已通过,
2024-05-18,市场部,会议费,21760.19,员工059,新产品推广,深圳,已通过,
2024-07-23,市场部,办公用品,26142.38,员工066,品牌活动,成都,已通过,
2024-02-07,运营部,广告投放,8096.77,员工007,内部系统升级,深圳,已通过,
2025-01-11,财务部,软件订阅,"¥20,009.68",员工050,内部系统升级,北京,已通过,
2025-05-24,研发部,咨询费,14013.51,员工011,品牌活动,上海,已通过,
2024-07-03,人力资源部,办公用品,9075.37,员工011,内部系统升级,广州,已通过,
2025-04-01,人力资源部,会议费,11520.12,员工057,内部系统升级,杭州,已通过,
2024-12-27,人力资源部,软件订阅,7774.60,员工008,新产品推广,广州,已通过,
2025-01-07,人力资源部,咨询费,20186.07,员工021,新产品推广,北京,待审批,
2025-11-25,财务部,差旅费,3493.72,员工031,内部系统升级,深圳,已通过,
2025-08-03,市场部,培训费,5497.32,员工058,内部系统升级,深圳,已通过,
2024-03-19,人力资源部,广告投放,14881.34,员工051,内部系统升级,广州,已通过,
2024-04-26,市场部,会议费,5307.02,员工067,品牌活动,成都,已通过,
2024-09-23,运营部,软件订阅,6102.22,员工079,内部系统升级,广州,待审批,
2025-05-17,销售部,差旅费,3747.95,员工010,品牌活动,北京,待审批,
2025-03-31,市场部,咨询费,23915.24,员工041,内部系统升级,广州,已通过,
2025-07-09,研发部,办公用品,22901.73,员工023,内部系统升级,成都,已通过,
2024-07-24,销售部,广告投放,22155.60,员工004,内部系统升级,成都,已通过,
2025-04-23,人力资源部,广告投放,16493.88,员工012,新产品推广,深圳,已通过,
2025-05-05,人力资源部,软件订阅, 20701.74 ,员工074,新产品推广,北京,已拒绝,
2025-10-19,市场部,软件订阅,16384.29,员工067,内部系统升级,北京,待审批,
2025/07/18,运营部,培训费,4985.40,员工017,品牌活动,成都,待审批,
2024-02-26,市场部,培训费,4386.07,员工022,客户增长,深圳,待审批,
2024-08-18,研发部,培训费,25070.53,员工011,内部系统升级,北京,已通过,
2025-07-18,研发部,广告投放,16843.80,员工079,渠道拓展,上海,已通过,
2024-06-21,人力资源部,培训费,4418.94,员工080,渠道拓展,深圳,待审批,
2025-07-31,市场部,咨询费,30252.78,员工011,新产品推广,广州,待审批,
2024-09-28,运营部,广告投放,21502.82,员工054,渠道拓展,广州,已通过,
2025-10-04,人力资源部,办公用品,17295.72,员工039,品牌活动,北京,待审批,
2025-12-02,财务部,办公用品,12254.22,员工008,客户增长,杭州,已通过,
2025-04-20,销售部,办公用品,16352.34,员工041,内部系统升级,广州,已拒绝,
2024-12-19,财务部,广告投放,21327.34,员工066,渠道拓展,上海,已通过,
2025-04-22,市场部,办公用品,15818.42,员工019,新产品推广,上海,已通过,
2025-01-28,人力资源部,软件订阅,6760.11,员工021,内部系统升级,成都,已通过,
2024-07-13,销售部,软件订阅,"¥27,887.63",员工060,品牌活动,深圳,已通过,
2024-04-02,财务部,培训费,12867.59,员工031,客户增长,成都,已通过,
2024-02-21,研发部,软件订阅,16778.82,员工061,内部系统升级,成都,已通过,
2024-04-20,财务部,广告投放,24722.87,员工047,品牌活动,深圳,已通过,
2024-02-22,人力资源部,培训费,5546.99,员工071,内部系统升级,上海,已通过,
2025-04-06,人力资源部,办公用品,22204.49,员工080,渠道拓展,上海,已通过,
2024-04-09,财务部,办公用品,22281.73,员工044,渠道拓展,深圳,已通过,
2024-07-22,人力资源部,培训费,11310.67,员工006,新产品推广,上海,已通过,
2024-12-07,财务部,培训费,12860.84,员工078,渠道拓展,北京,已通过,
2025-09-19,研发部,广告投放,10632.55,员工079,内部系统升级,成都,已通过,
2025-06-05,人力资源部,软件订阅,19084.48,员工039,品牌活动,上海,已通过,
2025-11-20,市场部,软件订阅,20492.02,员工004,渠道拓展,杭州,已通过,
2025-11-02,人力资源部 ,培训费,6205.35,员工007,渠道拓展,杭州,已通过,
2025-10-06,运营部,培训费,20847.38,员工049,客户增长,广州,已通过,
2025-08-09,运营部,差旅费,5221.51,员工057,内部系统升级,杭州,已通过,
2025-12-08,销售部,软件订阅,13546.30,员工079,品牌活动,广州,已通过,
2025-12-23,销售部,培训费,5664.66,员工042,品牌活动,成都,已通过,
2024-06-26,财务部,培训费,9664.08,员工046,内部系统升级,成都,已通过,
2024-09-09,研发部,培训费,8442.16,员工039,内部系统升级,广州,已通过,
2025-12-22,财务部,办公用品,12957.04,员工072,内部系统升级,深圳,已通过,
2025-11-23,人力资源部,软件订阅,24090.05,员工051,内部系统升级,北京,已通过,
2024-10-21,运营部,差旅费,9776.61,员工057,内部系统升级,广州,已通过,
2024-07-25,人力资源部,办公用品,26132.71,员工035,客户增长,上海,已通过,
2025-08-23,销售部,广告投放,1473.93,员工068,客户增长,广州,已通过,
2024-04-12,财务部,办公用品,20119.94,员工013,客户增长,上海,已拒绝,
2024-06-10,财务部,会议费,26188.69,员工061,品牌活动,广州,已通过,
2024-10-21,研发部,办公用品,18127.63,员工012,渠道拓展,北京,已通过,
2024-02-08,销售部,软件订阅,24716.99,员工023,新产品推广,杭州,待审批,
2024-07-09,运营部,咨询费,25937.99,员工005,新产品推广,深圳,已通过,
2024-04-19,研发部,办公用品,12787.25,员工070,渠道拓展,杭州,待审批,
2024-05-17,人力资源部,软件订阅,7726.70,员工015,内部系统升级,北京,已通过,
2025-10-25,研发部,会议费,5098.78,员工044,内部系统升级,成都,已通过,
2024-07-16,销售部,培训费,23989.36,员工052,品牌活动,成都,已通过,
2025/02/14,运营部,差旅费,5060.83,员工018,品牌活动,深圳,待审批,
2024-01-07,研发部,软件订阅,6686.33,员工035,内部系统升级,深圳,已通过,
2025-08-09,市场部,办公用品,22930.86,员工031,新产品推广,广州,已通过,
2024-11-10,销售部,软件订阅,19247.73,员工040,新产品推广,广州,待审批,
2024-10-29,研发部,培训费,6277.28,员工018,品牌活动,北京,已通过,
2025-09-12,研发部,软件订阅,18902.51,员工061,渠道拓展,广州,待审批,
2024-09-10,运营部,咨询费,16731.31,员工011,渠道拓展,杭州,已通过,
2025-01-05,市场部,培训费,4060.48,员工071,渠道拓展,北京,已通过,
2024-06-02,销售部,办公用品,23943.07,员工057,新产品推广,广州,已通过,
2025-08-20,财务部,差旅费,24173.80,员工058,新产品推广,杭州,已通过,
2025-03-01,财务部,培训费,1660.51,员工060,内部系统升级,广州,已通过,
2024-09-17,市场部,会议费,6195.09,员工010,新产品推广,杭州,已通过,
2024-03-06,人力资源部,差旅费,26176.17,员工009,品牌活动,上海,已通过,
2024-07-03,销售部,咨询费,18005.72,员工054,内部系统升级,杭州,已通过,
2025-01-21,财务部,差旅费,18388.34,员工070,客户增长,广州,待审批,
2024-05-01,销售部,培训费,11078.47,员工017,客户增长,上海,已通过,
2024-11-01,财务部,会议费,20168.34,员工055,渠道拓展,杭州,待审批,
2024-09-10,财务部,办公用品,4444.78,员工025,新产品推广,上海,待审批,
2025-03-05,人力资源部,咨询费,25173.42,员工003,客户增长,北京,已通过,
2025-08-31,市场部,软件订阅,20982.80,员工007,客户增长,广州,已通过,
2025-03-25,销售部,培训费,5930.37,员工008,客户增长,成都,已拒绝,
2024-08-27,运营部,培训费,9011.04,员工077,内部系统升级,北京,已通过,
2024-05-26,运营部,培训费, 6282.67 ,员工039,内部系统升级,上海,已通过,
2025-08-28,运营部,广告投放,16869.78,员工055,渠道拓展,杭州,已通过,
2024-12-18,运营部,会议费,10746.59,员工068,内部系统升级,广州,已通过,
2024-06-01,研发部,软件订阅,5246.55,员工069,品牌活动,北京,待审批,
2024-11-03,运营部,广告投放,22585.04,员工008,渠道拓展,杭州,已拒绝,
2025-07-24,人力资源部,广告投放,10511.16,员工033,客户增长,深圳,已通过,
2025-04-05,研发部,差旅费,14451.38,员工025,新产品推广,深圳,已通过,
2025-09-11,人力资源部,差旅费, 23497.48 ,员工025,渠道拓展,广州,已通过,
2024-08-10,财务部,广告投放,24360.93,员工043,内部系统升级,上海,已通过,
2024-07-13,运营部,差旅费,20942.99,员工062,客户增长,广州,已通过,
2024-07-28,财务部,广告投放,15511.97,员工037,品牌活动,杭州,已通过,
2025-01-02,研发部,办公用品,9741.01,员工064,品牌活动,上海,待审批,
2025-04-25,研发部,广告投放,10037.04,员工053,新产品推广,成都,待审批,
2024-05-29,市场部,办公用品,15546.33,员工075,渠道拓展,广州,已通过,
2024-06-05,销售部,办公用品,6532.92,员工073,客户增长,杭州,已通过,
2025-12-02,研发部,办公用品,20546.39,员工063,品牌活动,杭州,已通过,
2024-12-26,销售部,广告投放,20202.34,员工063,客户增长,成都,已拒绝,
2024-03-01,人力资源部,差旅费,23513.23,员工010,新产品推广,上海,已通过,
2025-10-07,销售部,差旅费,19042.45,员工002,客户增长,成都,已通过,
2024-03-02,人力资源部,会议费,18709.12,员工079,品牌活动,广州,已通过,
2024-01-07,人力资源部,培训费,11588.12,员工003,渠道拓展,广州,已通过,
2024-10-20,市场部,培训费,22790.82,员工056,客户增长,上海,待审批,
2025-06-20,销售部,广告投放, 5252.23 ,员工068,内部系统升级,深圳,已通过,
2025-02-10,市场部,办公用品,33581.53,员工059,渠道拓展,北京,已拒绝,
2024-08-19,研发部,会议费,23206.37,员工011,新产品推广,上海,已通过,
2025-01-21,人力资源部,软件订阅,1617.10,员工002,客户增长,上海,已通过,
2025-03-20,运营部,咨询费,8981.59,员工013,渠道拓展,上海,已通过,
2025-12-09,人力资源部,软件订阅,7371.00,员工010,内部系统升级,成都,已通过,
2024-02-03,销售部,咨询费,8887.83,员工027,渠道拓展,北京,已通过,
2025-12-30,财务部,差旅费,8125.29,员工073,客户增长,成都,待审批,
2025-02-02,运营部,培训费,8993.88,员工018,新产品推广,成都,已通过,
2024-12-20,市场部 ,差旅费,12306.02,员工010,内部系统升级,成都,待审批,
2025-09-01,财务部,咨询费,"¥8,850.60",员工035,品牌活动,杭州,已通过,
2025-07-20,财务部,软件订阅,5086.44,员工075,品牌活动,上海,待审批,
2024-10-29,销售部,会议费,2169.37,员工035,客户增长,杭州,已通过,
2025-10-11,销售部,会议费,10543.35,员工047,新产品推广,上海,已通过,
2024-11-11,财务部,办公用品,21346.34,员工014,客户增长,上海,已通过,
2025-04-04,人力资源部,培训费,13830.58,员工014,新产品推广,上海,已通过,
2024-04-05,人力资源部,培训费,21990.15,员工050,新产品推广,深圳,已通过,
2024-03-27,运营部,培训费,25357.19,员工032,渠道拓展,成都,已通过,
2025-01-24,销售部,广告费,7312.76,员工035,品牌活动,北京,已通过,
2025-03-21,研发部,软件订阅,8138.01,员工010,内部系统升级,深圳,已拒绝,
2025-10-02,财务部 ,培训费,16620.22,员工059,新产品推广,北京,已通过,
2025-02-09,研发部,咨询费,16714.52,员工043,品牌活动,深圳,已通过,
2025-10-28,人力资源部,广告投放,8156.29,员工078,客户增长,杭州,已通过,
2025-02-11,研发部,办公用品,19783.97,员工063,渠道拓展,北京,已通过,
2024-10-14,财务部,办公用品,3295.19,员工073,客户增长,成都,已拒绝,
2024-07-03,运营部,咨询费,15456.76,员工060,客户增长,杭州,待审批,
2025-12-10,市场部,咨询费,29695.41,员工053,品牌活动,北京,已通过,
2024-09-04,研发部,会议费,4417.51,员工055,品牌活动,上海,已通过,
2025-09-04,财务部,培训费,10842.67,员工065,品牌活动,成都,已通过,
2025-01-03,运营部,咨询费,,员工011,新产品推广,北京,已通过,
2024-12-29,销售部,会议费,17201.46,员工073,品牌活动,深圳,已拒绝,
2025-03-16,市场部,差旅费,6455.59,员工029,渠道拓展,广州,已通过,
2025-08-17,运营部,培训费,6031.07,员工048,品牌活动,杭州,待审批,
2025-08-25,运营部,培训费,4149.86,员工004,品牌活动,上海,已通过,
2024-03-28,市场部,咨询费,26346.05,员工019,内部系统升级,深圳,已通过,
2024-07-30,人力资源部,软件订阅,9830.61,员工013,品牌活动,广州,已通过,
2024-11-22,市场部,办公用品,1365.76,员工015,新产品推广,深圳,已通过,
2025-11-24,销售部,会议费,6643.48,员工023,渠道拓展,北京,已通过,
2025-03-12,财务部,广告投放,21466.97,员工024,客户增长,广州,已通过,
2025-02-09,市场部,会议费,21551.62,员工026,品牌活动,成都,已通过,
2024-01-05,运营部,广告投放,,员工009,渠道拓展,上海,待审批,
2025-07-03,销售部,办公用品,8840.12,员工059,新产品推广,深圳,已通过,
2025-05-16,人力资源部,会议费,8503.40,员工050,渠道拓展,杭州,已通过,
2024-12-22,研发部,咨询费,12885.15,员工023,内部系统升级,成都,已通过,
2025-11-19,销售部,办公用品,3269.74,员工040,新产品推广,北京,已通过,
2024-05-24,人力资源部,软件订阅,11780.51,员工018,渠道拓展,杭州,已通过,
2025-05-13,运营部,培训费,18674.79,员工023,渠道拓展,北京,已通过,
2024-05-23,销售部,办公用品,23594.55,员工080,新产品推广,深圳,已拒绝,
2025-05-11,销售部,广告投放,21934.29,员工072,渠道拓展,广州,已通过,
2025-12-02,财务部,软件订阅,19122.02,员工057,品牌活动,北京,已通过,
2024-02-01,销售部,办公用品,1031.54,员工029,渠道拓展,深圳,已通过,
2025-04-13,人力资源部,会议费,20792.28,员工064,渠道拓展,成都,已通过,
2024-04-26,研发部,咨询费,15261.80,员工047,渠道拓展,上海,待审批,
2025-03-27,人力资源部,广告投放,26606.35,员工014,客户增长,深圳,待审批,
2024-02-03,财务部,办公用品,9838.33,员工012,品牌活动,上海,待审批,
2024-08-30,销售部,咨询费,20684.65,员工045,渠道拓展,广州,已通过,
2025-09-22,销售部,咨询费,5645.34,员工027,新产品推广,成都,已通过,
2024-10-14,人力资源部,培训费,4814.36,员工038,内部系统升级,成都,已通过,
2025-06-10,运营部,咨询费,2663.88,员工053,新产品推广,深圳,待审批,
2024-05-09,运营部,咨询费,3819.42,员工019,内部系统升级,北京,待审批,
2025-11-23,财务部,软件订阅,3920.40,员工035,品牌活动,杭州,已通过,
2025-10-10,市场部,软件订阅,18119.12,员工036,内部系统升级,杭州,已拒绝,
2024-12-01,人力资源部,差旅费,24345.15,员工012,品牌活动,广州,已通过,
2025-01-01,市场部,咨询费,18774.69,员工028,品牌活动,北京,已通过,
2024-11-26,研发部,办公用品,15379.02,员工017,渠道拓展,杭州,待审批,
2025-11-29,市场部,差旅费,6516.31,员工059,新产品推广,上海,待审批,
2024-06-10,财务部,软件订阅,138.84,员工055,客户增长,广州,待审批,
2025-10-27,研发部,广告投放,23518.96,员工036,新产品推广,广州,已通过,
2024-03-25,研发部,会议费,25317.95,员工022,新产品推广,杭州,已通过,
2025-12-17,销售部,软件订阅,17659.13,员工013,新产品推广,北京,已通过,
2024-05-15,人力资源部,广告投放,14602.11,员工057,新产品推广,上海,已通过,
2024-05-03,财务部,会议费,3805.04,员工010,客户增长,杭州,已通过,
2024-04-14,市场部,办公用品,10367.62,员工039,客户增长,杭州,待审批,
2024-05-16,运营部,会议费,4102.74,员工068,渠道拓展,上海,已通过,
2024-06-17,财务部,办公用品,20261.40,员工020,品牌活动,成都,已通过,
2024-08-10,市场部,差旅费,4023.57,员工016,渠道拓展,广州,已通过,
2025-03-15,研发部,咨询费,3857.73,员工036,新产品推广,北京,已通过,
2025-09-06,运营部,培训费,7741.05,员工004,内部系统升级,北京,已通过,
2025-06-05,销售部,会议费,10600.34,员工007,客户增长,杭州,已通过,
2024-09-03,财务部,会议费,16678.76,员工068,新产品推广,深圳,待审批,
2024-05-15,财务部,咨询费,23510.58,员工054,内部系统升级,成都,已通过,
2025-04-27,市场部,差旅费,37115.30,员工002,内部系统升级,北京,已通过,
2024-03-02,财务部,培训费,8107.28,员工065,品牌活动,杭州,已通过,
2024-03-25,运营部,培训费,15109.83,员工020,内部系统升级,上海,已通过,
2025-06-07,销售部,咨询费,4273.83,员工042,品牌活动,成都,已通过,
2025-10-27,运营部,会议费,1884.76,员工056,客户增长,上海,已通过,
2025-03-20,市场部,软件订阅,21488.54,员工008,内部系统升级,广州,已通过,
2024-06-28,市场部,差旅费,19856.27,员工002,客户增长,杭州,已拒绝,
2025-06-19,人力资源部,咨询费,22129.43,员工034,客户增长,深圳,已通过,
2024-10-02,运营部,差旅费,21627.48,员工004,内部系统升级,杭州,已通过,
2024-03-06,研发部,会议费,27304.41,员工010,品牌活动,杭州,已通过,
2024-02-26,财务部,咨询费,15924.79,员工048,客户增长,深圳,待审批,
2025-08-10,运营部,会议费,3202.08,员工066,新产品推广,上海,待审批,
2024-01-13,销售部,差旅费,13272.80,员工050,客户增长,北京,待审批,
2024-02-06,人力资源部,咨询费,25600.86,员工054,客户增长,深圳,已通过,
2024-11-23,研发部,咨询费,2291.49,员工048,新产品推广,成都,已通过,
2024-02-23,销售部,广告投放,22544.94,员工006,品牌活动,上海,待审批,
2024-10-16,研发部,办公用品,2528.43,员工059,新产品推广,深圳,已通过,
2025-07-31,研发部,会议费,16782.11,员工060,内部系统升级,成都,已拒绝,
2024-07-19,运营部,培训费,21322.24,员工032,客户增长,上海,待审批,
2024-01-25,销售部,培训费,9778.29,员工002,内部系统升级,上海,已通过,
2025-01-20,运营部,会议费,8345.66,员工027,渠道拓展,北京,已通过,
2024-03-02,销售部,会议费,,员工006,客户增长,成都,已通过,
2025-01-16,财务部,会议费,2387.60,员工013,渠道拓展,北京,已通过,
2025-02-07,市场部,培训费,19938.55,员工056,客户增长,北京,已通过,
2024-11-18,财务部,会议费,23313.37,员工042,内部系统升级,杭州,已通过,
2024-03-17,销售部,广告投放,21864.64,员工075,新产品推广,北京,已通过,
2025-04-05,财务部,办公用品,10995.43,员工069,内部系统升级,北京,已通过,
2025-04-19,研发部,咨询费,3324.66,员工021,内部系统升级,广州,已通过,
2024-02-11,销售部,咨询费,24001.26,员工019,新产品推广,广州,已通过,
2024-12-30,财务部,培训费,1484.74,员工039,内部系统升级,北京,已通过,
2025-02-18,财务部,培训费,20137.37,员工032,新产品推广,杭州,已通过,
2024-05-23,市场部,差旅费,1839.34,员工029,客户增长,北京,待审批,
2025-01-16,运营部,会议费,25209.21,员工011,渠道拓展,成都,已通过,
2024-03-17,市场部,差旅费,5633.28,员工057,客户增长,上海,待审批,
2024-12-05,市场部,差旅费,26390.78,员工007,客户增长,成都,已通过,
2025-02-08,财务部,差旅费,10358.88,员工055,客户增长,深圳,已通过,
2024-07-10,研发部,办公用品,12554.80,员工020,新产品推广,成都,已通过,
2024-09-08,运营部 ,办公用品,14029.10,员工071,品牌活动,上海,已通过,
2025-01-27,销售部,软件订阅,5453.64,员工068,客户增长,广州,已拒绝,
2025-07-10,市场部,软件订阅,27399.76,员工046,品牌活动,成都,待审批,
2024-12-18,人力资源部,培训费,9086.33,员工035,客户增长,上海,已通过,
2024-08-12,市场部,咨询费,21825.65,员工008,品牌活动,成都,已通过,
2025-08-21,销售部,广告投放,2795.28,员工031,内部系统升级,成都,待审批,
2024-02-27,销售部,培训费,23720.56,员工050,内部系统升级,北京,已通过,
2025-08-29,研发部,咨询费,19870.44,员工046,渠道拓展,上海,已通过,
2024-12-26,人力资源部,培训费,4081.81,员工025,品牌活动,成都,已通过,
2025-05-17,市场部,差旅费,3793.41,员工078,客户增长,上海,已通过,
2024-01-01,研发部,培训费,5736.83,员工017,内部系统升级,广州,已通过,
2024-11-27,市场部,差旅费,4238.21,员工019,新产品推广,成都,待审批,
2024-03-15,研发部,会议费,26380.82,员工051,渠道拓展,上海,已通过,
2024-11-26,销售部,广告投放,20537.97,员工056,品牌活动,广州,已通过,
2025-12-25,人力资源部,会议费,23925.17,员工079,内部系统升级,北京,已通过,
2024-06-28,财务部,办公用品,,员工038,客户增长,北京,已通过,
2025-12-19,人力资源部,软件订阅,22885.54,员工073,新产品推广,北京,已通过,
2025-09-18,销售部,会议费,15252.04,员工064,客户增长,深圳,已通过,
2024-08-31,研发部,办公用品,4800.70,员工012,内部系统升级,杭州,已通过,
2024-08-02,销售部,会议费,2010.12,员工033,新产品推广,广州,已通过,
2025-01-30,财务部,会议费,11347.13,员工022,品牌活动,杭州,待审批,
2024-12-25,人力资源部,软件订阅,2947.83,员工062,渠道拓展,广州,已通过,
2024-08-18,销售部,软件订阅,2175.02,员工005,内部系统升级,上海,已通过,
2024-04-17,市场部,办公用品,4862.53,员工049,客户增长,广州,已通过,
2024-04-05,研发部,培训费,27589.50,员工062,新产品推广,杭州,已拒绝,
2024-06-17,人力资源部,软件订阅,4500.05,员工013,内部系统升级,北京,已拒绝,
2025-02-23,运营部,培训费,19440.40,员工070,内部系统升级,广州,已通过,
2024-08-31,市场部,差旅费,11074.11,员工071,品牌活动,北京,已通过,
2024-01-04,财务部,差旅费,8332.04,员工077,品牌活动,北京,已通过,
2024-07-30,销售部,会议费,8255.70,员工011,品牌活动,上海,已通过,
2025-02-11,财务部,软件订阅,24066.41,员工034,新产品推广,广州,已通过,
2024-07-08,研发部,软件订阅,10418.92,员工058,新产品推广,深圳,已通过,
2024-09-26,销售部,咨询费, 7607.51 ,员工008,客户增长,广州,已通过,
2024-03-28,运营部,办公用品,22652.06,员工053,渠道拓展,北京,已通过,
2025-01-31,人力资源部,软件订阅,25960.03,员工061,渠道拓展,北京,已通过,
2024/03/21,财务部,咨询费,20034.84,员工065,渠道拓展,成都,待审批,
2025-11-24,人力资源部,广告投放,3334.52,员工058,客户增长,北京,已拒绝,
2024-07-16,销售部,差旅费, 11923.69 ,员工056,客户增长,广州,已通过,
2025-09-01,研发部,办公用品,24492.70,员工009,新产品推广,杭州,已通过,
2025-07-19,研发部,咨询费,7507.66,员工059,新产品推广,广州,已通过,
2025-06-19,财务部,差旅费,11207.66,员工019,渠道拓展,成都,已通过,
2024-04-12,市场部,培训费,21853.71,员工037,渠道拓展,深圳,待审批,
2024-09-27,财务部,会议费,13658.10,员工078,品牌活动,上海,已通过,
2025-02-16,销售部,培训费,16405.74,员工052,新产品推广,杭州,待审批,
2024-12-05,运营部,广告投放,1494.23,员工061,内部系统升级,深圳,已通过,
2024-11-06,研发部,办公用品,23618.56,员工013,客户增长,北京,已通过,
2025-03-29,研发部,办公用品,19621.37,员工078,新产品推广,北京,已通过,
2025-02-20,运营部 ,软件订阅,20442.88,员工048,新产品推广,成都,待审批,
2024-03-08,研发部,会议费,14249.45,员工018,渠道拓展,成都,已通过,
2024-07-16,销售部,咨询费,1726.66,员工005,品牌活动,上海,待审批,
2025-12-22,销售部,办公用品,9974.06,员工060,渠道拓展,杭州,已通过,
2024-05-06,运营部,差旅费,6865.23,员工063,渠道拓展,杭州,已通过,
2025-04-30,人力资源部,培训费,9476.46,员工021,内部系统升级,广州,待审批,
2024-04-02,研发部,差旅费,10897.45,员工021,渠道拓展,北京,待审批,
2025-10-24,销售部,会议费,5648.31,员工053,渠道拓展,上海,待审批,
2025-11-29,市场部,软件订阅,31916.31,员工023,渠道拓展,上海,已通过,
2025-09-14,研发部,会议费,25997.41,员工036,品牌活动,杭州,待审批,
2025-04-15,研发部,广告投放,12606.28,员工067,渠道拓展,杭州,已通过,
2024-01-08,人力资源部,会议费,27065.61,员工048,渠道拓展,广州,已通过,
2024-10-16,研发部,会议费,3133.95,员工009,内部系统升级,深圳,已通过,
2024-10-10,研发部,会议费,19945.29,员工039,客户增长,北京,已通过,
2024-09-03,市场部,咨询费,24021.95,员工077,品牌活动,广州,已通过,
2024-05-23,运营部,差旅费,18392.57,员工038,内部系统升级,杭州,已通过,
2024-02-06,人力资源部,会议费,27853.73,员工025,内部系统升级,广州,已通过,
2025-12-03,人力资源部,会议费,21122.81,员工046,渠道拓展,深圳,待审批,
2025-11-04,人力资源部,广告投放,7978.27,员工061,客户增长,广州,已通过,
2025-07-26,销售部,会议费,24192.58,员工012,客户增长,深圳,已通过,
2024-11-10,财务部,咨询费,24845.20,员工048,内部系统升级,成都,已通过,
2024-04-30,财务部,差旅费,24275.05,员工075,渠道拓展,成都,已通过,
2024-07-18,人力资源部,差旅费,24305.84,员工049,渠道拓展,深圳,已通过,
2024-06-03,销售部,广告投放,9673.64,员工073,品牌活动,北京,已通过,
2024-07-03,市场部,软件订阅,9393.71,员工023,内部系统升级,广州,已通过,
2025-04-07,研发部,广告投放,20488.39,员工022,渠道拓展,北京,已通过,
2024-03-31,销售部,培训费,12211.87,员工055,品牌活动,杭州,已拒绝,
2025-01-27,市场部,差旅费,33754.18,员工048,新产品推广,深圳,已通过,
2025-06-27,销售部,差旅费,18228.23,员工032,客户增长,广州,待审批,
2024-11-15,销售部,差旅费,10813.39,员工076,内部系统升级,北京,已通过,
2024-02-16,研发部,办公用品,12831.23,员工067,渠道拓展,成都,已通过,
2025-12-04,销售部,办公用品,26776.66,员工063,内部系统升级,北京,已通过,
2025-02-17,市场部,广告投放,,员工017,客户增长,广州,已通过,
2025-05-31,销售部,差旅费,9926.95,员工005,品牌活动,广州,已通过,
2025-07-01,人力资源部,差旅费,16011.46,员工007,新产品推广,广州,待审批,
2024-02-19,运营部,差旅费,11739.70,员工049,新产品推广,成都,已通过,
2025-12-19,销售部,广告投放,18721.87,员工002,内部系统升级,杭州,已通过,
2025-11-09,人力资源部,办公用品,16784.26,员工018,品牌活动,上海,已通过,
2025-09-24,市场部,办公用品,,员工014,品牌活动,北京,已通过,
2024-09-26,人力资源部,广告投放,10098.86,员工053,内部系统升级,北京,已通过,
2025-05-23,销售部,会议费,25090.09,员工043,客户增长,上海,已通过,
2024-04-01,市场部,咨询费,16127.38,员工064,客户增长,上海,待审批,
2024-03-17,运营部,会议费,2943.98,员工033,客户增长,杭州,已拒绝,
2024-10-30,研发部,软件订阅, 1516.24 ,员工023,新产品推广,深圳,已通过,
2025/11/24,研发部,软件订阅,19882.08,员工013,新产品推广,上海,待审批,
2025/11/10,运营部,广告投放,8911.74,员工057,渠道拓展,深圳,待审批,
2024-04-05,研发部,咨询费,9675.11,员工015,品牌活动,杭州,已拒绝,
2024-10-05,财务部,会议费,23836.72,员工054,客户增长,上海,已通过,
2024-03-01,销售部,差旅费,11718.85,员工076,品牌活动,成都,已通过,
2024-07-04,人力资源部,软件订阅,21843.10,员工079,新产品推广,广州,待审批,
2024-05-13,财务部,软件订阅,3268.70,员工053,品牌活动,上海,已通过,
2025-11-01,研发部,差旅费,18972.83,员工068,渠道拓展,广州,已通过,
2025-11-16,研发部,培训费,14115.96,员工080,新产品推广,杭州,已通过,
2024-09-11,财务部,办公用品,18624.25,员工050,客户增长,成都,待审批,
2025-09-19,市场部,差旅费,40630.41,员工021,渠道拓展,杭州,待审批,
2024-06-18,市场部,咨询费,13827.15,员工031,内部系统升级,深圳,已通过,
2024/08/16,人力资源部,会议费,10676.42,员工031,新产品推广,杭州,已通过,
2025-08-09,财务部,差旅费,23041.64,员工058,内部系统升级,上海,已拒绝,
2025-10-31,市场部,差旅费,25577.77,员工005,渠道拓展,成都,已通过,
2024-04-03,人力资源部,培训费,17894.56,员工066,渠道拓展,北京,已通过,
2025-04-12,研发部,办公用品,,员工029,品牌活动,深圳,已通过,
2025-09-26,人力资源部 ,软件订阅,19296.41,员工047,品牌活动,上海,已通过,
2025-11-05,销售部,差旅费,9251.56,员工038,渠道拓展,成都,已通过,
2024-04-18,市场部,广告投放,13848.73,员工053,新产品推广,深圳,已通过,
2024-07-11,市场部,咨询费,11073.95,员工059,客户增长,广州,已通过,
2025-02-28,市场部,会议费,29335.70,员工076,新产品推广,杭州,已通过,
2025-08-26,人力资源部,广告投放,25912.58,员工001,渠道拓展,广州,已通过,
2025-03-19,人力资源部,软件订阅,24855.80,员工023,渠道拓展,北京,已通过,
2024-05-11,市场部,软件订阅,18451.71,员工078,内部系统升级,成都,待审批,
2025-03-04,人力资源部 ,会议费,20520.01,员工036,品牌活动,深圳,已拒绝,
2025-04-08,销售部,广告投放,11162.25,员工066,内部系统升级,广州,已通过,
2024-11-17,运营部,会议费,26202.08,员工028,客户增长,北京,已通过,
2024-10-24,运营部,办公用品,25802.83,员工017,客户增长,成都,已通过,
2025-10-14,研发部,会议费,3204.00,员工046,渠道拓展,杭州,已通过,
2025-11-14,运营部,软件订阅,18161.19,员工069,内部系统升级,杭州,待审批,
2025-06-19,市场部,差旅费,24161.99,员工007,新产品推广,北京,已通过,
2024-06-13,研发部,会议费,7105.64,员工008,内部系统升级,北京,已通过,
2024-02-03,研发部,咨询费,12738.33,员工079,渠道拓展,北京,已通过,
2025-07-28,财务部,广告投放,13789.93,员工037,新产品推广,杭州,已通过,
2025-12-02,研发部,培训费,1555.21,员工033,客户增长,成都,待审批,
2025-03-29,销售部,会议费,18974.46,员工048,渠道拓展,成都,已通过,
2024-07-20,运营部,广告投放,8321.67,员工023,新产品推广,北京,已拒绝,
2025-06-10,市场部,软件订阅,1566.10,员工036,渠道拓展,深圳,已通过,
2025-08-21,研发部,差旅费,8962.65,员工020,新产品推广,北京,待审批,
2025-09-03,市场部,咨询费,32643.51,员工079,内部系统升级,杭州,待审批,
2025-07-17,研发部,差旅费,21099.65,员工041,渠道拓展,北京,已拒绝,
2025-06-17,市场部,咨询费,17754.14,员工054,渠道拓展,成都,已通过,
2024-12-23,销售部,广告投放,18613.77,员工043,内部系统升级,深圳,已通过,
2025-09-25,人力资源部,软件订阅,26789.83,员工002,新产品推广,广州,已通过,
2024-09-03,运营部,培训费,25730.77,员工032,新产品推广,广州,待审批,
2025-01-25,市场部,软件订阅,9092.17,员工037,新产品推广,成都,待审批,
2025-01-18,人力资源部,咨询费,13731.41,员工063,新产品推广,深圳,待审批,
2024-07-16,研发部,培训费,2415.79,员工013,客户增长,成都,已通过,
2025-10-03,市场部,广告投放,42320.11,员工028,品牌活动,上海,已通过,
2025-12-20,运营部,咨询费,11764.25,员工010,客户增长,上海,已通过,
2024-12-05,市场部,差旅费,2162.16,员工023,内部系统升级,成都,已通过,
2024-08-21,研发部,软件订阅,10938.35,员工052,品牌活动,深圳,已通过,
2025-11-20,市场部,培训费,355.57,员工080,新产品推广,广州,已通过,
2025-12-18,市场部,办公用品,32492.46,员工014,内部系统升级,广州,已通过,
2024-03-29,研发部,咨询费,25956.14,员工049,品牌活动,广州,已通过,
2024-06-09,人力资源部,广告投放,3922.32,员工051,渠道拓展,深圳,已拒绝,
2024-05-27,研发部,会议费,24848.95,员工048,新产品推广,成都,待审批,
2024-05-24,市场部,差旅费,260.23,员工077,品牌活动,成都,已通过,
2024-03-28,研发部,广告投放,20982.51,员工045,客户增长,杭州,待审批,
2025-06-08,销售部,广告投放,5039.73,员工079,内部系统升级,北京,已通过,
2025-11-18,人力资源部,咨询费,1570.90,员工071,品牌活动,广州,已通过,
2024-10-24,运营部,差旅费,7109.17,员工026,渠道拓展,杭州,已拒绝,
2024-12-31,销售部,会议费,18394.59,员工013,内部系统升级,成都,已通过,
2024-07-17,研发部,软件订阅,12684.01,员工079,内部系统升级,广州,已通过,
2025-08-02,人力资源部,办公用品,21733.12,员工055,客户增长,上海,已通过,
2024-08-14,运营部,会议费,17986.58,员工036,内部系统升级,北京,已通过,
2024-12-05,财务部,软件订阅,12536.58,员工040,品牌活动,成都,已通过,
2025-10-23,人力资源部,差旅费,22645.62,员工018,渠道拓展,北京,已通过,
2025-10-03,市场部,会议费,2777.69,员工003,渠道拓展,广州,已通过,
2025-08-18,人力资源部,软件订阅,20702.69,员工028,新产品推广,成都,已通过,
2025-07-06,财务部,会议费,20863.20,员工047,品牌活动,北京,待审批,
2025-08-26,运营部,咨询费,7903.74,员工060,渠道拓展,成都,已通过,
2025-01-07,人力资源部,差旅费,17851.66,员工079,客户增长,成都,已通过,
2024-06-12,销售部,培训费,26570.09,员工019,品牌活动,深圳,已通过,
2025-05-14,销售部,差旅费,7190.67,员工030,新产品推广,广州,已通过,
2025-01-04,财务部,软件订阅,24682.67,员工006,新产品推广,广州,已通过,
2025-12-21,人力资源部,会议费,22320.54,员工034,渠道拓展,成都,已通过,
2025-01-20,运营部,软件订阅,"¥9,892.29",员工010,渠道拓展,深圳,已通过,
2024-08-16,人力资源部,软件订阅,9958.80,员工045,品牌活动,杭州,待审批,
2024-01-07,人力资源部,广告投放,12384.38,员工030,新产品推广,成都,已通过,
2024-08-04,销售部,广告投放,4507.12,员工078,新产品推广,广州,已通过,
2024-12-04,运营部,差旅费,13544.68,员工062,品牌活动,北京,已通过,
2025-10-24,财务部,差旅费,6636.99,员工017,渠道拓展,成都,已通过,
2025-10-06,人力资源部,差旅费,23957.22,员工019,新产品推广,北京,已通过,
2024-07-03,人力资源部,软件订阅,,员工073,新产品推广,广州,已通过,
2024-10-17,市场部,广告投放,12643.79,员工061,品牌活动,北京,已通过,
2025-02-24,人力资源部,广告投放,21382.94,员工024,渠道拓展,广州,已通过,
2024-06-20,运营部,会议费,9673.68,员工059,渠道拓展,成都,已通过,
2025-01-22,财务部,广告投放,3021.05,员工026,渠道拓展,成都,已通过,
2024-06-02,人力资源部,差旅费,5066.53,员工079,渠道拓展,上海,待审批,
2025-06-28,人力资源部,咨询费,3260.51,员工062,客户增长,成都,已通过,
2024-01-02,运营部,会议费,12150.13,员工054,内部系统升级,上海,已通过,
2025-03-15,销售部,咨询费,13019.14,员工049,内部系统升级,成都,待审批,
2025-12-14,人力资源部,差旅费,11503.33,员工033,品牌活动,北京,待审批,
2024-03-26,研发部,培训费,24564.24,员工053,内部系统升级,北京,已通过,
2024-01-08,人力资源部,培训费,3405.06,员工001,品牌活动,广州,已通过,
2024-11-19,财务部,办公用品,3091.54,员工055,渠道拓展,深圳,已通过,
2025/07/02,财务部,培训费,9901.59,员工036,品牌活动,北京,已通过,
2025-07-24,财务部,广告投放,10023.88,员工072,品牌活动,深圳,已拒绝,
2025-08-14,研发部,咨询费,18997.62,员工018,新产品推广,广州,已通过,
2025-12-17,销售部,差旅费,5855.13,员工052,内部系统升级,成都,已通过,
2025-12-01,运营部,差旅费,4417.32,员工001,新产品推广,北京,已通过,
2025-09-06,财务部,差旅费,1830.30,员工029,内部系统升级,上海,已通过,
2025-01-28,财务部,培训费,17677.60,员工037,渠道拓展,上海,已拒绝,
2024/06/28,运营部,软件订阅,12358.54,员工026,渠道拓展,深圳,已通过,
2025-09-05,人力资源部,培训费,18809.07,员工079,客户增长,广州,已通过,
2024-09-01,运营部,差旅费,27321.01,员工012,内部系统升级,杭州,已通过,
2025-02-08,财务部,培训费,5476.46,员工002,新产品推广,上海,已通过,
2025-07-26,人力资源部,办公用品,9415.31,员工036,客户增长,成都,已拒绝,
2025-04-10,财务部,培训费,239.69,员工023,品牌活动,成都,已通过,
2024-03-15,人力资源部,办公用品,9598.25,员工015,渠道拓展,深圳,待审批,
2025-08-11,研发部,会议费,11965.81,员工049,渠道拓展,杭州,待审批,
2024-12-13,财务部,会议费,12964.89,员工076,新产品推广,杭州,已通过,
2024-03-10,财务部,会议费,22107.73,员工029,客户增长,深圳,已通过,
2024-12-27,人力资源部,培训费,391.08,员工034,客户增长,深圳,已通过,
2025-11-20,运营部,咨询费,9268.57,员工071,客户增长,杭州,已通过,
2024-08-11,人力资源部,办公用品,5216.03,员工025,品牌活动,广州,已通过,
2024-09-04,研发部,广告投放,6510.31,员工032,渠道拓展,深圳,已通过,
2024-04-19,市场部,差旅费,18961.64,员工064,渠道拓展,上海,待审批,
2025-07-08,市场部,咨询费,16957.88,员工080,内部系统升级,杭州,待审批,
2025-08-11,研发部,软件订阅,5009.73,员工066,内部系统升级,杭州,已通过,
2025-08-13,销售部,差旅费,14186.40,员工055,品牌活动,成都,已通过,
2024-12-21,财务部,咨询费,19255.12,员工023,品牌活动,上海,已通过,
2025-04-16,研发部,会议费,340.52,员工027,品牌活动,成都,已通过,
2025-01-05,人力资源部,咨询费,7066.04,员工071,内部系统升级,北京,已通过,
2025-09-19,研发部,办公用品,5037.61,员工055,客户增长,杭州,已通过,
2025-01-16,研发部,咨询费,10836.98,员工058,客户增长,成都,已通过,
2025-08-12,运营部,广告投放,21906.85,员工035,客户增长,成都,已通过,
2025-01-25,销售部,广告投放,21528.04,员工020,品牌活动,上海,已通过,
2025-05-26,销售部,咨询费,16994.48,员工069,内部系统升级,杭州,已通过,
2025-07-29,人力资源部,差旅费,10778.35,员工021,新产品推广,北京,待审批,
2025-05-02,运营部,差旅费,12155.47,员工043,内部系统升级,深圳,已通过,
2025-07-24,研发部,办公用品,646.09,员工016,内部系统升级,广州,已拒绝,
2024-07-22,人力资源部,培训费,18238.25,员工069,客户增长,深圳,已通过,
2025-11-20,人力资源部,软件订阅,20851.08,员工058,新产品推广,杭州,已通过,
2025-04-19,运营部,广告投放,23353.94,员工044,品牌活动,广州,已通过,
2025-02-18,市场部,差旅费,10432.24,员工030,内部系统升级,深圳,已通过,
2025-12-28,研发部,培训费,17368.97,员工035,品牌活动,深圳,已通过,
2025-06-17,财务部,软件订阅,4593.44,员工003,客户增长,广州,已通过,
2024-09-14,运营部,会议费,21022.74,员工027,客户增长,杭州,已通过,
2024-03-06,财务部,培训费,1620.65,员工051,渠道拓展,上海,已通过,
2025-09-24,销售部,差旅费,17641.66,员工050,内部系统升级,北京,已通过,
2024-10-17,财务部,会议费,3644.36,员工068,客户增长,上海,已通过,
2024-12-31,研发部,咨询费,13395.19,员工070,内部系统升级,成都,已通过,
2025-12-15,人力资源部,广告投放,15928.68,员工059,渠道拓展,杭州,已通过,
2025-10-16,人力资源部,办公用品,24442.35,员工062,渠道拓展,北京,待审批,
2025/03/28,研发部,办公用品,11147.75,员工020,内部系统升级,上海,已通过,
2024-05-19,研发部,办公用品,13201.24,员工002,品牌活动,杭州,已通过,
2025-03-16,研发部,培训费,6303.64,员工001,渠道拓展,深圳,已通过,
2025-07-28,财务部,软件订阅, 6803.62 ,员工050,品牌活动,北京,已通过,
2025-03-08,运营部,广告投放,13942.17,员工079,内部系统升级,深圳,已通过,
2025-06-28,研发部,软件订阅,5147.00,员工009,客户增长,北京,已通过,
2025-10-14,财务部,培训费,12233.42,员工080,品牌活动,北京,已通过,
2024-06-04,市场部,培训费,737.01,员工014,内部系统升级,深圳,已通过,
2025-03-24,运营部,差旅费,6346.33,员工020,新产品推广,杭州,已通过,
2025-03-06,研发部,咨询费,21512.65,员工048,品牌活动,广州,待审批,
2024-12-04,市场部,咨询费,21045.88,员工019,新产品推广,深圳,待审批,
2024-03-14,人力资源部,软件订阅,"¥5,183.11",员工033,品牌活动,上海,已通过,
2024-09-11,财务部,咨询费,27302.23,员工032,新产品推广,北京,已通过,
2024-04-06,人力资源部,会议费,27501.39,员工061,品牌活动,广州,已拒绝,
2024-11-26,销售部,会议费,20423.25,员工071,渠道拓展,上海,已通过,
2025-10-15,研发部,广告投放,9761.95,员工007,客户增长,上海,已通过,
2025-03-20,研发部,差旅费, 4594.57 ,员工036,渠道拓展,上海,已通过,
2024-09-05,市场部,差旅费,16320.43,员工061,渠道拓展,北京,已通过,
2025-01-15,市场部,广告投放,52000.00,员工090,新产品推广,上海,已通过,
2025-02-15,市场部,差旅费,53800.00,员工091,新产品推广,上海,已通过,
2025-03-15,市场部,广告投放,55600.00,员工092,新产品推广,上海,已通过,
2025-04-15,市场部,差旅费,57400.00,员工093,新产品推广,上海,已通过,
2025-05-15,市场部,广告投放,59200.00,员工094,新产品推广,上海,已通过,
2025-06-15,市场部,差旅费,61000.00,员工095,新产品推广,上海,已通过,
2025-01-15,市场部,广告投放,62800.00,员工096,新产品推广,上海,已通过,
2025-02-15,市场部,差旅费,64600.00,员工097,新产品推广,上海,已通过,
2025-03-15,市场部,广告投放,66400.00,员工098,新产品推广,上海,已通过,
2025-04-15,市场部,差旅费,68200.00,员工099,新产品推广,上海,已通过,
2025-05-15,市场部,广告投放,70000.00,员工100,新产品推广,上海,已通过,
2025-06-15,市场部,差旅费,71800.00,员工101,新产品推广,上海,已通过,
2025-01-15,市场部,广告投放,73600.00,员工102,新产品推广,上海,已通过,
2025-02-15,市场部,差旅费,75400.00,员工103,新产品推广,上海,已通过,
2025-03-15,市场部,广告投放,77200.00,员工104,新产品推广,上海,已通过,
2025-04-15,市场部,差旅费,79000.00,员工105,新产品推广,上海,已通过,
2025-05-15,市场部,广告投放,80800.00,员工106,新产品推广,上海,已通过,
2025-06-15,市场部,差旅费,82600.00,员工107,新产品推广,上海,已通过,
2025-01-08,销售部,办公用品,9623.95,员工035,新产品推广,成都,已通过,
2025-08-07,人力资源部,软件订阅,6618.97,员工061,品牌活动,北京,已通过,
2025-06-04,运营部,广告费,23240.71,员工036,品牌活动,深圳,待审批,
